StartTime, EndTime, Latency, Type, Code
1648777049691,1648777050641,950,POST,200
1648777050642,1648777050718,76,POST,200
1648777050718,1648777050748,30,POST,200
1648777050748,1648777050803,55,POST,200
1648777050804,1648777050840,36,POST,200
1648777050840,1648777050884,44,POST,200
1648777050884,1648777050910,26,POST,200
1648777050910,1648777050941,31,POST,200
1648777050941,1648777050970,29,POST,200
1648777050971,1648777051007,36,POST,200
1648777051007,1648777051034,27,POST,200
1648777051034,1648777051072,38,POST,200
1648777051072,1648777051106,34,POST,200
1648777051106,1648777051142,36,POST,200
1648777051142,1648777051170,28,POST,200
1648777051171,1648777051211,40,POST,200
1648777051211,1648777051253,42,POST,200
1648777051253,1648777051284,31,POST,200
1648777051284,1648777051314,30,POST,200
1648777051314,1648777051345,31,POST,200
1648777051346,1648777051378,32,POST,200
1648777051379,1648777051412,33,POST,200
1648777051412,1648777051455,43,POST,200
1648777051455,1648777051482,27,POST,200
1648777051483,1648777051513,30,POST,200
1648777051514,1648777051542,28,POST,200
1648777051543,1648777051626,83,POST,200
1648777051627,1648777051675,48,POST,200
1648777051676,1648777051772,96,POST,200
1648777051773,1648777051818,45,POST,200
1648777051818,1648777051857,39,POST,200
1648777051857,1648777051893,36,POST,200
1648777051893,1648777051928,35,POST,200
1648777051929,1648777051955,26,POST,200
1648777051955,1648777051984,29,POST,200
1648777051984,1648777052019,35,POST,200
1648777052019,1648777052049,30,POST,200
1648777052049,1648777052074,25,POST,200
1648777052074,1648777052102,28,POST,200
1648777052106,1648777052141,35,POST,200
1648777052141,1648777052172,31,POST,200
1648777052172,1648777052203,31,POST,200
1648777052203,1648777052230,27,POST,200
1648777052231,1648777052259,28,POST,200
1648777052259,1648777052289,30,POST,200
1648777052289,1648777052316,27,POST,200
1648777052316,1648777052346,30,POST,200
1648777052346,1648777052372,26,POST,200
1648777052372,1648777052406,34,POST,200
1648777052406,1648777052434,28,POST,200
1648777052434,1648777052460,26,POST,200
1648777052460,1648777052487,27,POST,200
1648777052494,1648777052535,41,POST,200
1648777052536,1648777052565,29,POST,200
1648777052565,1648777052592,27,POST,200
1648777052592,1648777052623,31,POST,200
1648777052623,1648777052652,29,POST,200
1648777052652,1648777052685,33,POST,200
1648777052685,1648777052717,32,POST,200
1648777052717,1648777052751,34,POST,200
1648777052751,1648777052775,24,POST,200
1648777052775,1648777052805,30,POST,200
1648777052805,1648777052835,30,POST,200
1648777052835,1648777052859,24,POST,200
1648777052859,1648777052887,28,POST,200
1648777052887,1648777052920,33,POST,200
1648777052920,1648777052944,24,POST,200
1648777052944,1648777052970,26,POST,200
1648777052970,1648777052995,25,POST,200
1648777052995,1648777053027,32,POST,200
1648777053027,1648777053053,26,POST,200
1648777053053,1648777053100,47,POST,200
1648777053101,1648777053128,27,POST,200
1648777053128,1648777053155,27,POST,200
1648777053155,1648777053182,27,POST,200
1648777053182,1648777053214,32,POST,200
1648777053215,1648777053252,37,POST,200
1648777053252,1648777053278,26,POST,200
1648777053278,1648777053346,68,POST,200
1648777053346,1648777053383,37,POST,200
1648777049691,1648777050641,950,POST,200
1648777050642,1648777050731,89,POST,200
1648777050731,1648777050760,29,POST,200
1648777050760,1648777050801,41,POST,200
1648777050803,1648777050833,30,POST,200
1648777050833,1648777050864,31,POST,200
1648777050864,1648777050903,39,POST,200
1648777050903,1648777050932,29,POST,200
1648777050932,1648777050961,29,POST,200
1648777050961,1648777050989,28,POST,200
1648777050990,1648777051034,44,POST,200
1648777051035,1648777051072,37,POST,200
1648777051072,1648777051101,29,POST,200
1648777051101,1648777051135,34,POST,200
1648777051135,1648777051166,31,POST,200
1648777051166,1648777051209,43,POST,200
1648777051209,1648777051253,44,POST,200
1648777051254,1648777051283,29,POST,200
1648777051284,1648777051314,30,POST,200
1648777051315,1648777051350,35,POST,200
1648777051350,1648777051388,38,POST,200
1648777051388,1648777051417,29,POST,200
1648777051417,1648777051456,39,POST,200
1648777051456,1648777051482,26,POST,200
1648777051483,1648777051513,30,POST,200
1648777051516,1648777051550,34,POST,200
1648777051555,1648777051626,71,POST,200
1648777051627,1648777051674,47,POST,200
1648777051676,1648777051772,96,POST,200
1648777051773,1648777051819,46,POST,200
1648777051819,1648777051857,38,POST,200
1648777051857,1648777051890,33,POST,200
1648777051891,1648777051928,37,POST,200
1648777051928,1648777051955,27,POST,200
1648777051955,1648777051984,29,POST,200
1648777051985,1648777052020,35,POST,200
1648777052020,1648777052049,29,POST,200
1648777052049,1648777052074,25,POST,200
1648777052074,1648777052102,28,POST,200
1648777052108,1648777052141,33,POST,200
1648777052141,1648777052172,31,POST,200
1648777052173,1648777052203,30,POST,200
1648777052203,1648777052231,28,POST,200
1648777052231,1648777052259,28,POST,200
1648777052259,1648777052289,30,POST,200
1648777052289,1648777052316,27,POST,200
1648777052316,1648777052346,30,POST,200
1648777052346,1648777052372,26,POST,200
1648777052372,1648777052406,34,POST,200
1648777052406,1648777052434,28,POST,200
1648777052434,1648777052460,26,POST,200
1648777052460,1648777052487,27,POST,200
1648777052491,1648777052517,26,POST,200
1648777052517,1648777052548,31,POST,200
1648777052548,1648777052573,25,POST,200
1648777052573,1648777052603,30,POST,200
1648777052603,1648777052631,28,POST,200
1648777052631,1648777052658,27,POST,200
1648777052658,1648777052690,32,POST,200
1648777052690,1648777052717,27,POST,200
1648777052717,1648777052757,40,POST,200
1648777052757,1648777052788,31,POST,200
1648777052788,1648777052818,30,POST,200
1648777052818,1648777052848,30,POST,200
1648777052848,1648777052876,28,POST,200
1648777052876,1648777052906,30,POST,200
1648777052906,1648777052938,32,POST,200
1648777052938,1648777052965,27,POST,200
1648777052965,1648777052994,29,POST,200
1648777052994,1648777053026,32,POST,200
1648777053027,1648777053053,26,POST,200
1648777053054,1648777053100,46,POST,200
1648777053101,1648777053128,27,POST,200
1648777053128,1648777053155,27,POST,200
1648777053155,1648777053182,27,POST,200
1648777053182,1648777053214,32,POST,200
1648777053214,1648777053253,39,POST,200
1648777053253,1648777053278,25,POST,200
1648777053278,1648777053359,81,POST,200
1648777053361,1648777053417,56,POST,200
1648777049691,1648777050640,949,POST,200
1648777050642,1648777050724,82,POST,200
1648777050724,1648777050755,31,POST,200
1648777050755,1648777050805,50,POST,200
1648777050805,1648777050843,38,POST,200
1648777050843,1648777050890,47,POST,200
1648777050890,1648777050932,42,POST,200
1648777050932,1648777050961,29,POST,200
1648777050961,1648777050992,31,POST,200
1648777050992,1648777051033,41,POST,200
1648777051034,1648777051071,37,POST,200
1648777051072,1648777051101,29,POST,200
1648777051101,1648777051135,34,POST,200
1648777051137,1648777051166,29,POST,200
1648777051166,1648777051209,43,POST,200
1648777051209,1648777051253,44,POST,200
1648777051253,1648777051285,32,POST,200
1648777051285,1648777051314,29,POST,200
1648777051315,1648777051346,31,POST,200
1648777051346,1648777051378,32,POST,200
1648777051379,1648777051412,33,POST,200
1648777051412,1648777051455,43,POST,200
1648777051455,1648777051482,27,POST,200
1648777051483,1648777051513,30,POST,200
1648777051514,1648777051542,28,POST,200
1648777051543,1648777051626,83,POST,200
1648777051627,1648777051675,48,POST,200
1648777051676,1648777051772,96,POST,200
1648777051772,1648777051820,48,POST,200
1648777051821,1648777051857,36,POST,200
1648777051857,1648777051890,33,POST,200
1648777051891,1648777051923,32,POST,200
1648777051923,1648777051955,32,POST,200
1648777051955,1648777051984,29,POST,200
1648777051984,1648777052016,32,POST,200
1648777052016,1648777052044,28,POST,200
1648777052044,1648777052070,26,POST,200
1648777052070,1648777052096,26,POST,200
1648777052097,1648777052135,38,POST,200
1648777052136,1648777052164,28,POST,200
1648777052165,1648777052191,26,POST,200
1648777052191,1648777052217,26,POST,200
1648777052217,1648777052244,27,POST,200
1648777052244,1648777052271,27,POST,200
1648777052271,1648777052294,23,POST,200
1648777052294,1648777052320,26,POST,200
1648777052320,1648777052350,30,POST,200
1648777052350,1648777052376,26,POST,200
1648777052376,1648777052406,30,POST,200
1648777052406,1648777052434,28,POST,200
1648777052434,1648777052460,26,POST,200
1648777052460,1648777052487,27,POST,200
1648777052494,1648777052536,42,POST,200
1648777052536,1648777052565,29,POST,200
1648777052565,1648777052592,27,POST,200
1648777052592,1648777052623,31,POST,200
1648777052623,1648777052652,29,POST,200
1648777052652,1648777052684,32,POST,200
1648777052685,1648777052717,32,POST,200
1648777052717,1648777052759,42,POST,200
1648777052759,1648777052788,29,POST,200
1648777052788,1648777052818,30,POST,200
1648777052818,1648777052848,30,POST,200
1648777052848,1648777052876,28,POST,200
1648777052876,1648777052906,30,POST,200
1648777052906,1648777052938,32,POST,200
1648777052938,1648777052965,27,POST,200
1648777052965,1648777052994,29,POST,200
1648777052994,1648777053026,32,POST,200
1648777053027,1648777053053,26,POST,200
1648777053054,1648777053100,46,POST,200
1648777053101,1648777053128,27,POST,200
1648777053128,1648777053155,27,POST,200
1648777053155,1648777053185,30,POST,200
1648777053185,1648777053215,30,POST,200
1648777053215,1648777053252,37,POST,200
1648777053252,1648777053287,35,POST,200
1648777053287,1648777053367,80,POST,200
1648777053367,1648777053423,56,POST,200
1648777053423,1648777053471,48,POST,200
1648777049691,1648777050640,949,POST,200
1648777050642,1648777050725,83,POST,200
1648777050725,1648777050755,30,POST,200
1648777050755,1648777050806,51,POST,200
1648777050806,1648777050844,38,POST,200
1648777050844,1648777050884,40,POST,200
1648777050884,1648777050910,26,POST,200
1648777050910,1648777050942,32,POST,200
1648777050942,1648777050971,29,POST,200
1648777050971,1648777051007,36,POST,200
1648777051007,1648777051034,27,POST,200
1648777051034,1648777051071,37,POST,200
1648777051071,1648777051101,30,POST,200
1648777051101,1648777051135,34,POST,200
1648777051135,1648777051165,30,POST,200
1648777051165,1648777051210,45,POST,200
1648777051210,1648777051253,43,POST,200
1648777051254,1648777051290,36,POST,200
1648777051290,1648777051320,30,POST,200
1648777051321,1648777051350,29,POST,200
1648777051350,1648777051378,28,POST,200
1648777051379,1648777051412,33,POST,200
1648777051412,1648777051455,43,POST,200
1648777051455,1648777051483,28,POST,200
1648777051483,1648777051513,30,POST,200
1648777051516,1648777051552,36,POST,200
1648777051555,1648777051626,71,POST,200
1648777051627,1648777051674,47,POST,200
1648777051676,1648777051772,96,POST,200
1648777051773,1648777051820,47,POST,200
1648777051820,1648777051861,41,POST,200
1648777051861,1648777051890,29,POST,200
1648777051891,1648777051923,32,POST,200
1648777051923,1648777051955,32,POST,200
1648777051955,1648777051984,29,POST,200
1648777051984,1648777052019,35,POST,200
1648777052019,1648777052049,30,POST,200
1648777052049,1648777052074,25,POST,200
1648777052074,1648777052103,29,POST,200
1648777052106,1648777052141,35,POST,200
1648777052141,1648777052172,31,POST,200
1648777052172,1648777052203,31,POST,200
1648777052204,1648777052231,27,POST,200
1648777052231,1648777052259,28,POST,200
1648777052259,1648777052289,30,POST,200
1648777052289,1648777052316,27,POST,200
1648777052316,1648777052346,30,POST,200
1648777052346,1648777052372,26,POST,200
1648777052372,1648777052406,34,POST,200
1648777052406,1648777052434,28,POST,200
1648777052434,1648777052460,26,POST,200
1648777052460,1648777052487,27,POST,200
1648777052492,1648777052535,43,POST,200
1648777052536,1648777052565,29,POST,200
1648777052565,1648777052592,27,POST,200
1648777052592,1648777052623,31,POST,200
1648777052623,1648777052652,29,POST,200
1648777052652,1648777052685,33,POST,200
1648777052685,1648777052717,32,POST,200
1648777052717,1648777052758,41,POST,200
1648777052758,1648777052788,30,POST,200
1648777052788,1648777052818,30,POST,200
1648777052818,1648777052848,30,POST,200
1648777052848,1648777052876,28,POST,200
1648777052876,1648777052906,30,POST,200
1648777052906,1648777052938,32,POST,200
1648777052938,1648777052965,27,POST,200
1648777052965,1648777052994,29,POST,200
1648777052994,1648777053027,33,POST,200
1648777053027,1648777053053,26,POST,200
1648777053054,1648777053100,46,POST,200
1648777053101,1648777053128,27,POST,200
1648777053128,1648777053155,27,POST,200
1648777053155,1648777053182,27,POST,200
1648777053182,1648777053214,32,POST,200
1648777053215,1648777053252,37,POST,200
1648777053252,1648777053286,34,POST,200
1648777053287,1648777053359,72,POST,200
1648777053361,1648777053423,62,POST,200
1648777053423,1648777053471,48,POST,200
1648777049691,1648777050640,949,POST,200
1648777050642,1648777050731,89,POST,200
1648777050731,1648777050760,29,POST,200
1648777050760,1648777050805,45,POST,200
1648777050805,1648777050840,35,POST,200
1648777050840,1648777050891,51,POST,200
1648777050891,1648777050932,41,POST,200
1648777050932,1648777050961,29,POST,200
1648777050961,1648777050989,28,POST,200
1648777050990,1648777051033,43,POST,200
1648777051034,1648777051071,37,POST,200
1648777051071,1648777051100,29,POST,200
1648777051101,1648777051135,34,POST,200
1648777051135,1648777051166,31,POST,200
1648777051166,1648777051212,46,POST,200
1648777051212,1648777051253,41,POST,200
1648777051253,1648777051290,37,POST,200
1648777051290,1648777051320,30,POST,200
1648777051321,1648777051350,29,POST,200
1648777051350,1648777051378,28,POST,200
1648777051379,1648777051412,33,POST,200
1648777051412,1648777051456,44,POST,200
1648777051456,1648777051482,26,POST,200
1648777051483,1648777051513,30,POST,200
1648777051514,1648777051542,28,POST,200
1648777051543,1648777051626,83,POST,200
1648777051627,1648777051674,47,POST,200
1648777051676,1648777051773,97,POST,200
1648777051773,1648777051820,47,POST,200
1648777051820,1648777051859,39,POST,200
1648777051859,1648777051891,32,POST,200
1648777051891,1648777051923,32,POST,200
1648777051923,1648777051955,32,POST,200
1648777051955,1648777051984,29,POST,200
1648777051984,1648777052019,35,POST,200
1648777052019,1648777052050,31,POST,200
1648777052050,1648777052074,24,POST,200
1648777052074,1648777052102,28,POST,200
1648777052106,1648777052140,34,POST,200
1648777052140,1648777052172,32,POST,200
1648777052172,1648777052203,31,POST,200
1648777052204,1648777052231,27,POST,200
1648777052231,1648777052259,28,POST,200
1648777052259,1648777052289,30,POST,200
1648777052289,1648777052316,27,POST,200
1648777052316,1648777052346,30,POST,200
1648777052346,1648777052372,26,POST,200
1648777052372,1648777052406,34,POST,200
1648777052406,1648777052434,28,POST,200
1648777052434,1648777052460,26,POST,200
1648777052460,1648777052487,27,POST,200
1648777052494,1648777052529,35,POST,200
1648777052529,1648777052553,24,POST,200
1648777052553,1648777052578,25,POST,200
1648777052578,1648777052603,25,POST,200
1648777052603,1648777052631,28,POST,200
1648777052631,1648777052658,27,POST,200
1648777052658,1648777052688,30,POST,200
1648777052688,1648777052715,27,POST,200
1648777052716,1648777052757,41,POST,200
1648777052757,1648777052788,31,POST,200
1648777052788,1648777052818,30,POST,200
1648777052818,1648777052848,30,POST,200
1648777052848,1648777052876,28,POST,200
1648777052876,1648777052906,30,POST,200
1648777052906,1648777052938,32,POST,200
1648777052938,1648777052965,27,POST,200
1648777052965,1648777052993,28,POST,200
1648777052994,1648777053026,32,POST,200
1648777053027,1648777053053,26,POST,200
1648777053054,1648777053100,46,POST,200
1648777053101,1648777053132,31,POST,200
1648777053132,1648777053160,28,POST,200
1648777053160,1648777053185,25,POST,200
1648777053185,1648777053215,30,POST,200
1648777053215,1648777053252,37,POST,200
1648777053252,1648777053283,31,POST,200
1648777053284,1648777053358,74,POST,200
1648777053360,1648777053417,57,POST,200
1648777053417,1648777053469,52,POST,200
1648777053398,1648777053471,73,POST,200
1648777053471,1648777053564,93,POST,200
1648777053597,1648777053629,32,POST,200
1648777053629,1648777053666,37,POST,200
1648777053666,1648777053717,51,POST,200
1648777053717,1648777053799,82,POST,200
1648777053799,1648777053836,37,POST,200
1648777053836,1648777053878,42,POST,200
1648777053878,1648777053932,54,POST,200
1648777053932,1648777053985,53,POST,200
1648777053985,1648777054018,33,POST,200
1648777054018,1648777054050,32,POST,200
1648777054050,1648777054084,34,POST,200
1648777054084,1648777054110,26,POST,200
1648777054110,1648777054185,75,POST,200
1648777054185,1648777054229,44,POST,200
1648777054229,1648777054258,29,POST,200
1648777054258,1648777054291,33,POST,200
1648777054291,1648777054322,31,POST,200
1648777054322,1648777054432,110,POST,200
1648777054432,1648777054463,31,POST,200
1648777054463,1648777054491,28,POST,200
1648777054491,1648777054524,33,POST,200
1648777054524,1648777054558,34,POST,200
1648777054558,1648777054600,42,POST,200
1648777054600,1648777054656,56,POST,200
1648777054656,1648777054687,31,POST,200
1648777054687,1648777054720,33,POST,200
1648777054720,1648777054748,28,POST,200
1648777054748,1648777054775,27,POST,200
1648777054775,1648777054803,28,POST,200
1648777054803,1648777054830,27,POST,200
1648777054830,1648777054862,32,POST,200
1648777054862,1648777054897,35,POST,200
1648777054897,1648777054923,26,POST,200
1648777054923,1648777054949,26,POST,200
1648777054950,1648777054984,34,POST,200
1648777054984,1648777055016,32,POST,200
1648777055017,1648777055043,26,POST,200
1648777055043,1648777055069,26,POST,200
1648777055069,1648777055096,27,POST,200
1648777055096,1648777055123,27,POST,200
1648777055123,1648777055152,29,POST,200
1648777055152,1648777055180,28,POST,200
1648777055180,1648777055224,44,POST,200
1648777055224,1648777055255,31,POST,200
1648777055255,1648777055285,30,POST,200
1648777055285,1648777055311,26,POST,200
1648777055311,1648777055338,27,POST,200
1648777055338,1648777055368,30,POST,200
1648777055369,1648777055402,33,POST,200
1648777055402,1648777055452,50,POST,200
1648777055452,1648777055490,38,POST,200
1648777055490,1648777055520,30,POST,200
1648777055520,1648777055545,25,POST,200
1648777055545,1648777055574,29,POST,200
1648777055575,1648777055617,42,POST,200
1648777055617,1648777055650,33,POST,200
1648777055650,1648777055686,36,POST,200
1648777055686,1648777055713,27,POST,200
1648777053397,1648777053469,72,POST,200
1648777053469,1648777053545,76,POST,200
1648777053553,1648777053619,66,POST,200
1648777053619,1648777053648,29,POST,200
1648777053648,1648777053710,62,POST,200
1648777053711,1648777053744,33,POST,200
1648777053744,1648777053815,71,POST,200
1648777053815,1648777053850,35,POST,200
1648777053851,1648777053892,41,POST,200
1648777053892,1648777053932,40,POST,200
1648777053932,1648777053979,47,POST,200
1648777053979,1648777054012,33,POST,200
1648777054012,1648777054058,46,POST,200
1648777054059,1648777054099,40,POST,200
1648777054099,1648777054165,66,POST,200
1648777054165,1648777054221,56,POST,200
1648777054221,1648777054247,26,POST,200
1648777054248,1648777054276,28,POST,200
1648777054276,1648777054308,32,POST,200
1648777054308,1648777054402,94,POST,200
1648777054403,1648777054434,31,POST,200
1648777054434,1648777054463,29,POST,200
1648777054463,1648777054491,28,POST,200
1648777054491,1648777054517,26,POST,200
1648777054519,1648777054546,27,POST,200
1648777054546,1648777054579,33,POST,200
1648777054579,1648777054608,29,POST,200
1648777054608,1648777054655,47,POST,200
1648777054655,1648777054686,31,POST,200
1648777054686,1648777054727,41,POST,200
1648777054727,1648777054755,28,POST,200
1648777054756,1648777054791,35,POST,200
1648777054791,1648777054826,35,POST,200
1648777054826,1648777054859,33,POST,200
1648777054859,1648777054904,45,POST,200
1648777054904,1648777054931,27,POST,200
1648777054941,1648777054987,46,POST,200
1648777054987,1648777055017,30,POST,200
1648777055017,1648777055050,33,POST,200
1648777055050,1648777055081,31,POST,200
1648777055081,1648777055111,30,POST,200
1648777055111,1648777055145,34,POST,200
1648777055145,1648777055174,29,POST,200
1648777055174,1648777055202,28,POST,200
1648777055202,1648777055237,35,POST,200
1648777055239,1648777055271,32,POST,200
1648777055271,1648777055300,29,POST,200
1648777055300,1648777055333,33,POST,200
1648777055333,1648777055363,30,POST,200
1648777055363,1648777055401,38,POST,200
1648777055401,1648777055456,55,POST,200
1648777055456,1648777055490,34,POST,200
1648777055490,1648777055520,30,POST,200
1648777055520,1648777055545,25,POST,200
1648777055545,1648777055575,30,POST,200
1648777055575,1648777055607,32,POST,200
1648777055607,1648777055636,29,POST,200
1648777055636,1648777055664,28,POST,200
1648777055664,1648777055692,28,POST,200
1648777055692,1648777055725,33,POST,200
1648777053398,1648777053469,71,POST,200
1648777053469,1648777053564,95,POST,200
1648777053598,1648777053629,31,POST,200
1648777053629,1648777053666,37,POST,200
1648777053666,1648777053743,77,POST,200
1648777053745,1648777053815,70,POST,200
1648777053815,1648777053845,30,POST,200
1648777053845,1648777053893,48,POST,200
1648777053893,1648777053932,39,POST,200
1648777053932,1648777053985,53,POST,200
1648777053985,1648777054018,33,POST,200
1648777054018,1648777054059,41,POST,200
1648777054059,1648777054099,40,POST,200
1648777054099,1648777054175,76,POST,200
1648777054175,1648777054229,54,POST,200
1648777054229,1648777054265,36,POST,200
1648777054265,1648777054296,31,POST,200
1648777054296,1648777054325,29,POST,200
1648777054325,1648777054423,98,POST,200
1648777054423,1648777054453,30,POST,200
1648777054453,1648777054479,26,POST,200
1648777054479,1648777054513,34,POST,200
1648777054513,1648777054540,27,POST,200
1648777054540,1648777054570,30,POST,200
1648777054570,1648777054600,30,POST,200
1648777054600,1648777054656,56,POST,200
1648777054656,1648777054686,30,POST,200
1648777054686,1648777054719,33,POST,200
1648777054719,1648777054748,29,POST,200
1648777054748,1648777054775,27,POST,200
1648777054775,1648777054803,28,POST,200
1648777054803,1648777054830,27,POST,200
1648777054830,1648777054862,32,POST,200
1648777054862,1648777054904,42,POST,200
1648777054904,1648777054932,28,POST,200
1648777054940,1648777054983,43,POST,200
1648777054983,1648777055009,26,POST,200
1648777055009,1648777055038,29,POST,200
1648777055038,1648777055068,30,POST,200
1648777055068,1648777055096,28,POST,200
1648777055096,1648777055123,27,POST,200
1648777055123,1648777055152,29,POST,200
1648777055152,1648777055180,28,POST,200
1648777055180,1648777055218,38,POST,200
1648777055218,1648777055256,38,POST,200
1648777055256,1648777055290,34,POST,200
1648777055290,1648777055319,29,POST,200
1648777055319,1648777055347,28,POST,200
1648777055347,1648777055404,57,POST,200
1648777055404,1648777055452,48,POST,200
1648777055452,1648777055484,32,POST,200
1648777055484,1648777055508,24,POST,200
1648777055508,1648777055532,24,POST,200
1648777055532,1648777055563,31,POST,200
1648777055563,1648777055597,34,POST,200
1648777055597,1648777055625,28,POST,200
1648777055625,1648777055652,27,POST,200
1648777055653,1648777055681,28,POST,200
1648777055681,1648777055708,27,POST,200
1648777055708,1648777055739,31,POST,200
1648777053398,1648777053469,71,POST,200
1648777053472,1648777053541,69,POST,200
1648777053541,1648777053610,69,POST,200
1648777053610,1648777053639,29,POST,200
1648777053639,1648777053674,35,POST,200
1648777053697,1648777053764,67,POST,200
1648777053781,1648777053814,33,POST,200
1648777053814,1648777053845,31,POST,200
1648777053845,1648777053872,27,POST,200
1648777053873,1648777053932,59,POST,200
1648777053932,1648777053985,53,POST,200
1648777053985,1648777054018,33,POST,200
1648777054018,1648777054058,40,POST,200
1648777054058,1648777054098,40,POST,200
1648777054098,1648777054180,82,POST,200
1648777054180,1648777054229,49,POST,200
1648777054229,1648777054265,36,POST,200
1648777054265,1648777054295,30,POST,200
1648777054295,1648777054324,29,POST,200
1648777054324,1648777054432,108,POST,200
1648777054432,1648777054463,31,POST,200
1648777054463,1648777054491,28,POST,200
1648777054491,1648777054517,26,POST,200
1648777054518,1648777054546,28,POST,200
1648777054546,1648777054578,32,POST,200
1648777054579,1648777054618,39,POST,200
1648777054618,1648777054655,37,POST,200
1648777054655,1648777054687,32,POST,200
1648777054687,1648777054726,39,POST,200
1648777054726,1648777054756,30,POST,200
1648777054756,1648777054788,32,POST,200
1648777054788,1648777054827,39,POST,200
1648777054827,1648777054859,32,POST,200
1648777054859,1648777054904,45,POST,200
1648777054905,1648777054932,27,POST,200
1648777054940,1648777054981,41,POST,200
1648777054982,1648777055009,27,POST,200
1648777055009,1648777055038,29,POST,200
1648777055038,1648777055069,31,POST,200
1648777055069,1648777055096,27,POST,200
1648777055096,1648777055123,27,POST,200
1648777055123,1648777055152,29,POST,200
1648777055152,1648777055180,28,POST,200
1648777055180,1648777055224,44,POST,200
1648777055224,1648777055255,31,POST,200
1648777055255,1648777055285,30,POST,200
1648777055285,1648777055311,26,POST,200
1648777055311,1648777055347,36,POST,200
1648777055347,1648777055402,55,POST,200
1648777055402,1648777055453,51,POST,200
1648777055453,1648777055490,37,POST,200
1648777055490,1648777055520,30,POST,200
1648777055520,1648777055545,25,POST,200
1648777055545,1648777055574,29,POST,200
1648777055575,1648777055600,25,POST,200
1648777055600,1648777055629,29,POST,200
1648777055629,1648777055657,28,POST,200
1648777055657,1648777055686,29,POST,200
1648777055686,1648777055713,27,POST,200
1648777055713,1648777055739,26,POST,200
1648777053389,1648777053428,39,POST,200
1648777053428,1648777053473,45,POST,200
1648777053473,1648777053563,90,POST,200
1648777053570,1648777053629,59,POST,200
1648777053629,1648777053666,37,POST,200
1648777053666,1648777053728,62,POST,200
1648777053729,1648777053814,85,POST,200
1648777053814,1648777053845,31,POST,200
1648777053845,1648777053872,27,POST,200
1648777053873,1648777053928,55,POST,200
1648777053928,1648777053986,58,POST,200
1648777053986,1648777054018,32,POST,200
1648777054018,1648777054058,40,POST,200
1648777054059,1648777054099,40,POST,200
1648777054099,1648777054179,80,POST,200
1648777054179,1648777054231,52,POST,200
1648777054231,1648777054265,34,POST,200
1648777054265,1648777054296,31,POST,200
1648777054296,1648777054325,29,POST,200
1648777054325,1648777054432,107,POST,200
1648777054432,1648777054463,31,POST,200
1648777054463,1648777054492,29,POST,200
1648777054492,1648777054524,32,POST,200
1648777054524,1648777054553,29,POST,200
1648777054553,1648777054600,47,POST,200
1648777054600,1648777054659,59,POST,200
1648777054659,1648777054689,30,POST,200
1648777054689,1648777054725,36,POST,200
1648777054725,1648777054755,30,POST,200
1648777054755,1648777054788,33,POST,200
1648777054788,1648777054828,40,POST,200
1648777054828,1648777054858,30,POST,200
1648777054858,1648777054896,38,POST,200
1648777054897,1648777054923,26,POST,200
1648777054923,1648777054949,26,POST,200
1648777054950,1648777054984,34,POST,200
1648777054984,1648777055009,25,POST,200
1648777055009,1648777055038,29,POST,200
1648777055038,1648777055069,31,POST,200
1648777055069,1648777055096,27,POST,200
1648777055097,1648777055123,26,POST,200
1648777055123,1648777055153,30,POST,200
1648777055153,1648777055180,27,POST,200
1648777055180,1648777055218,38,POST,200
1648777055218,1648777055254,36,POST,200
1648777055254,1648777055285,31,POST,200
1648777055285,1648777055308,23,POST,200
1648777055308,1648777055338,30,POST,200
1648777055338,1648777055369,31,POST,200
1648777055370,1648777055408,38,POST,200
1648777055409,1648777055480,71,POST,200
1648777055480,1648777055508,28,POST,200
1648777055508,1648777055532,24,POST,200
1648777055532,1648777055564,32,POST,200
1648777055564,1648777055597,33,POST,200
1648777055597,1648777055624,27,POST,200
1648777055625,1648777055652,27,POST,200
1648777055652,1648777055682,30,POST,200
1648777055682,1648777055713,31,POST,200
1648777055713,1648777055742,29,POST,200
1648777053390,1648777053434,44,POST,200
1648777053435,1648777053529,94,POST,200
1648777053529,1648777053594,65,POST,200
1648777053597,1648777053629,32,POST,200
1648777053629,1648777053666,37,POST,200
1648777053666,1648777053717,51,POST,200
1648777053717,1648777053798,81,POST,200
1648777053798,1648777053842,44,POST,200
1648777053842,1648777053879,37,POST,200
1648777053879,1648777053932,53,POST,200
1648777053932,1648777053979,47,POST,200
1648777053979,1648777054008,29,POST,200
1648777054008,1648777054056,48,POST,200
1648777054056,1648777054098,42,POST,200
1648777054098,1648777054161,63,POST,200
1648777054162,1648777054231,69,POST,200
1648777054231,1648777054265,34,POST,200
1648777054265,1648777054295,30,POST,200
1648777054295,1648777054325,30,POST,200
1648777054325,1648777054432,107,POST,200
1648777054432,1648777054463,31,POST,200
1648777054463,1648777054492,29,POST,200
1648777054492,1648777054524,32,POST,200
1648777054524,1648777054553,29,POST,200
1648777054554,1648777054591,37,POST,200
1648777054591,1648777054646,55,POST,200
1648777054646,1648777054670,24,POST,200
1648777054670,1648777054693,23,POST,200
1648777054693,1648777054719,26,POST,200
1648777054719,1648777054748,29,POST,200
1648777054748,1648777054775,27,POST,200
1648777054775,1648777054803,28,POST,200
1648777054803,1648777054830,27,POST,200
1648777054830,1648777054862,32,POST,200
1648777054862,1648777054907,45,POST,200
1648777054907,1648777054933,26,POST,200
1648777054939,1648777054984,45,POST,200
1648777054984,1648777055009,25,POST,200
1648777055009,1648777055038,29,POST,200
1648777055038,1648777055068,30,POST,200
1648777055068,1648777055096,28,POST,200
1648777055097,1648777055123,26,POST,200
1648777055123,1648777055152,29,POST,200
1648777055152,1648777055180,28,POST,200
1648777055180,1648777055218,38,POST,200
1648777055218,1648777055256,38,POST,200
1648777055256,1648777055290,34,POST,200
1648777055290,1648777055319,29,POST,200
1648777055319,1648777055347,28,POST,200
1648777055347,1648777055408,61,POST,200
1648777055409,1648777055453,44,POST,200
1648777055453,1648777055490,37,POST,200
1648777055490,1648777055520,30,POST,200
1648777055520,1648777055545,25,POST,200
1648777055545,1648777055575,30,POST,200
1648777055575,1648777055612,37,POST,200
1648777055612,1648777055643,31,POST,200
1648777055643,1648777055673,30,POST,200
1648777055673,1648777055708,35,POST,200
1648777055708,1648777055743,35,POST,200
1648777053397,1648777053470,73,POST,200
1648777053470,1648777053540,70,POST,200
1648777053540,1648777053590,50,POST,200
1648777053596,1648777053629,33,POST,200
1648777053629,1648777053667,38,POST,200
1648777053667,1648777053718,51,POST,200
1648777053718,1648777053788,70,POST,200
1648777053788,1648777053828,40,POST,200
1648777053828,1648777053872,44,POST,200
1648777053873,1648777053920,47,POST,200
1648777053921,1648777053952,31,POST,200
1648777053952,1648777053985,33,POST,200
1648777053985,1648777054018,33,POST,200
1648777054018,1648777054058,40,POST,200
1648777054058,1648777054099,41,POST,200
1648777054099,1648777054178,79,POST,200
1648777054178,1648777054230,52,POST,200
1648777054230,1648777054265,35,POST,200
1648777054265,1648777054295,30,POST,200
1648777054295,1648777054325,30,POST,200
1648777054325,1648777054432,107,POST,200
1648777054432,1648777054463,31,POST,200
1648777054463,1648777054491,28,POST,200
1648777054491,1648777054517,26,POST,200
1648777054518,1648777054546,28,POST,200
1648777054546,1648777054579,33,POST,200
1648777054579,1648777054607,28,POST,200
1648777054607,1648777054655,48,POST,200
1648777054656,1648777054687,31,POST,200
1648777054687,1648777054723,36,POST,200
1648777054723,1648777054752,29,POST,200
1648777054753,1648777054783,30,POST,200
1648777054783,1648777054826,43,POST,200
1648777054826,1648777054858,32,POST,200
1648777054858,1648777054904,46,POST,200
1648777054904,1648777054932,28,POST,200
1648777054939,1648777054987,48,POST,200
1648777054987,1648777055016,29,POST,200
1648777055017,1648777055050,33,POST,200
1648777055050,1648777055081,31,POST,200
1648777055081,1648777055111,30,POST,200
1648777055111,1648777055142,31,POST,200
1648777055142,1648777055175,33,POST,200
1648777055175,1648777055203,28,POST,200
1648777055203,1648777055237,34,POST,200
1648777055238,1648777055271,33,POST,200
1648777055271,1648777055300,29,POST,200
1648777055300,1648777055332,32,POST,200
1648777055332,1648777055363,31,POST,200
1648777055363,1648777055403,40,POST,200
1648777055403,1648777055476,73,POST,200
1648777055476,1648777055503,27,POST,200
1648777055503,1648777055532,29,POST,200
1648777055532,1648777055562,30,POST,200
1648777055562,1648777055597,35,POST,200
1648777055597,1648777055624,27,POST,200
1648777055624,1648777055652,28,POST,200
1648777055652,1648777055681,29,POST,200
1648777055681,1648777055708,27,POST,200
1648777055708,1648777055752,44,POST,200
1648777053397,1648777053469,72,POST,200
1648777053474,1648777053557,83,POST,200
1648777053568,1648777053618,50,POST,200
1648777053618,1648777053648,30,POST,200
1648777053648,1648777053689,41,POST,200
1648777053697,1648777053743,46,POST,200
1648777053746,1648777053814,68,POST,200
1648777053814,1648777053850,36,POST,200
1648777053851,1648777053893,42,POST,200
1648777053893,1648777053932,39,POST,200
1648777053932,1648777053979,47,POST,200
1648777053979,1648777054012,33,POST,200
1648777054012,1648777054060,48,POST,200
1648777054060,1648777054098,38,POST,200
1648777054098,1648777054178,80,POST,200
1648777054178,1648777054221,43,POST,200
1648777054221,1648777054248,27,POST,200
1648777054248,1648777054276,28,POST,200
1648777054276,1648777054307,31,POST,200
1648777054307,1648777054417,110,POST,200
1648777054417,1648777054448,31,POST,200
1648777054448,1648777054479,31,POST,200
1648777054479,1648777054508,29,POST,200
1648777054513,1648777054540,27,POST,200
1648777054540,1648777054570,30,POST,200
1648777054570,1648777054599,29,POST,200
1648777054600,1648777054659,59,POST,200
1648777054659,1648777054689,30,POST,200
1648777054689,1648777054724,35,POST,200
1648777054725,1648777054748,23,POST,200
1648777054748,1648777054783,35,POST,200
1648777054783,1648777054828,45,POST,200
1648777054828,1648777054862,34,POST,200
1648777054862,1648777054905,43,POST,200
1648777054905,1648777054932,27,POST,200
1648777054940,1648777054988,48,POST,200
1648777054988,1648777055016,28,POST,200
1648777055017,1648777055043,26,POST,200
1648777055043,1648777055069,26,POST,200
1648777055069,1648777055096,27,POST,200
1648777055096,1648777055123,27,POST,200
1648777055123,1648777055153,30,POST,200
1648777055153,1648777055180,27,POST,200
1648777055180,1648777055226,46,POST,200
1648777055226,1648777055255,29,POST,200
1648777055255,1648777055285,30,POST,200
1648777055285,1648777055311,26,POST,200
1648777055311,1648777055338,27,POST,200
1648777055338,1648777055370,32,POST,200
1648777055370,1648777055404,34,POST,200
1648777055404,1648777055476,72,POST,200
1648777055476,1648777055503,27,POST,200
1648777055503,1648777055532,29,POST,200
1648777055532,1648777055562,30,POST,200
1648777055563,1648777055597,34,POST,200
1648777055597,1648777055625,28,POST,200
1648777055625,1648777055652,27,POST,200
1648777055652,1648777055681,29,POST,200
1648777055681,1648777055713,32,POST,200
1648777055713,1648777055753,40,POST,200
1648777053390,1648777053428,38,POST,200
1648777053428,1648777053470,42,POST,200
1648777053471,1648777053548,77,POST,200
1648777053554,1648777053610,56,POST,200
1648777053610,1648777053640,30,POST,200
1648777053640,1648777053673,33,POST,200
1648777053697,1648777053744,47,POST,200
1648777053744,1648777053823,79,POST,200
1648777053823,1648777053872,49,POST,200
1648777053873,1648777053932,59,POST,200
1648777053932,1648777053979,47,POST,200
1648777053979,1648777054007,28,POST,200
1648777054008,1648777054059,51,POST,200
1648777054059,1648777054099,40,POST,200
1648777054099,1648777054179,80,POST,200
1648777054179,1648777054229,50,POST,200
1648777054229,1648777054265,36,POST,200
1648777054265,1648777054295,30,POST,200
1648777054295,1648777054327,32,POST,200
1648777054327,1648777054432,105,POST,200
1648777054432,1648777054461,29,POST,200
1648777054461,1648777054492,31,POST,200
1648777054492,1648777054524,32,POST,200
1648777054524,1648777054554,30,POST,200
1648777054554,1648777054591,37,POST,200
1648777054591,1648777054646,55,POST,200
1648777054646,1648777054670,24,POST,200
1648777054670,1648777054694,24,POST,200
1648777054694,1648777054719,25,POST,200
1648777054719,1648777054756,37,POST,200
1648777054756,1648777054788,32,POST,200
1648777054788,1648777054827,39,POST,200
1648777054827,1648777054858,31,POST,200
1648777054858,1648777054905,47,POST,200
1648777054905,1648777054933,28,POST,200
1648777054939,1648777054987,48,POST,200
1648777054987,1648777055017,30,POST,200
1648777055017,1648777055050,33,POST,200
1648777055050,1648777055081,31,POST,200
1648777055081,1648777055111,30,POST,200
1648777055111,1648777055144,33,POST,200
1648777055144,1648777055175,31,POST,200
1648777055175,1648777055203,28,POST,200
1648777055203,1648777055237,34,POST,200
1648777055238,1648777055271,33,POST,200
1648777055271,1648777055300,29,POST,200
1648777055300,1648777055332,32,POST,200
1648777055332,1648777055363,31,POST,200
1648777055363,1648777055403,40,POST,200
1648777055403,1648777055453,50,POST,200
1648777055453,1648777055495,42,POST,200
1648777055495,1648777055520,25,POST,200
1648777055520,1648777055545,25,POST,200
1648777055545,1648777055575,30,POST,200
1648777055575,1648777055600,25,POST,200
1648777055600,1648777055628,28,POST,200
1648777055628,1648777055657,29,POST,200
1648777055657,1648777055686,29,POST,200
1648777055686,1648777055713,27,POST,200
1648777055713,1648777055751,38,POST,200
1648777053390,1648777053428,38,POST,200
1648777053428,1648777053469,41,POST,200
1648777053469,1648777053540,71,POST,200
1648777053541,1648777053597,56,POST,200
1648777053597,1648777053637,40,POST,200
1648777053638,1648777053691,53,POST,200
1648777053698,1648777053762,64,POST,200
1648777053781,1648777053820,39,POST,200
1648777053822,1648777053872,50,POST,200
1648777053878,1648777053928,50,POST,200
1648777053928,1648777053985,57,POST,200
1648777053985,1648777054017,32,POST,200
1648777054018,1648777054058,40,POST,200
1648777054059,1648777054098,39,POST,200
1648777054098,1648777054165,67,POST,200
1648777054165,1648777054230,65,POST,200
1648777054230,1648777054265,35,POST,200
1648777054265,1648777054295,30,POST,200
1648777054295,1648777054325,30,POST,200
1648777054325,1648777054432,107,POST,200
1648777054432,1648777054461,29,POST,200
1648777054461,1648777054491,30,POST,200
1648777054491,1648777054517,26,POST,200
1648777054518,1648777054546,28,POST,200
1648777054546,1648777054580,34,POST,200
1648777054580,1648777054616,36,POST,200
1648777054617,1648777054656,39,POST,200
1648777054656,1648777054687,31,POST,200
1648777054687,1648777054724,37,POST,200
1648777054724,1648777054748,24,POST,200
1648777054748,1648777054775,27,POST,200
1648777054775,1648777054803,28,POST,200
1648777054803,1648777054830,27,POST,200
1648777054830,1648777054862,32,POST,200
1648777054862,1648777054907,45,POST,200
1648777054907,1648777054937,30,POST,200
1648777054939,1648777054985,46,POST,200
1648777054985,1648777055017,32,POST,200
1648777055017,1648777055050,33,POST,200
1648777055050,1648777055081,31,POST,200
1648777055081,1648777055111,30,POST,200
1648777055111,1648777055143,32,POST,200
1648777055143,1648777055175,32,POST,200
1648777055175,1648777055204,29,POST,200
1648777055204,1648777055237,33,POST,200
1648777055238,1648777055271,33,POST,200
1648777055271,1648777055300,29,POST,200
1648777055300,1648777055332,32,POST,200
1648777055332,1648777055363,31,POST,200
1648777055363,1648777055408,45,POST,200
1648777055409,1648777055476,67,POST,200
1648777055476,1648777055503,27,POST,200
1648777055503,1648777055532,29,POST,200
1648777055532,1648777055563,31,POST,200
1648777055563,1648777055599,36,POST,200
1648777055599,1648777055628,29,POST,200
1648777055628,1648777055657,29,POST,200
1648777055657,1648777055686,29,POST,200
1648777055687,1648777055719,32,POST,200
1648777055719,1648777055759,40,POST,200
1648777053390,1648777053429,39,POST,200
1648777053429,1648777053474,45,POST,200
1648777053474,1648777053540,66,POST,200
1648777053541,1648777053597,56,POST,200
1648777053598,1648777053629,31,POST,200
1648777053629,1648777053667,38,POST,200
1648777053667,1648777053717,50,POST,200
1648777053717,1648777053800,83,POST,200
1648777053800,1648777053828,28,POST,200
1648777053828,1648777053871,43,POST,200
1648777053873,1648777053928,55,POST,200
1648777053928,1648777053985,57,POST,200
1648777053985,1648777054017,32,POST,200
1648777054018,1648777054058,40,POST,200
1648777054058,1648777054098,40,POST,200
1648777054098,1648777054165,67,POST,200
1648777054165,1648777054230,65,POST,200
1648777054230,1648777054265,35,POST,200
1648777054265,1648777054295,30,POST,200
1648777054295,1648777054327,32,POST,200
1648777054327,1648777054432,105,POST,200
1648777054432,1648777054461,29,POST,200
1648777054461,1648777054492,31,POST,200
1648777054492,1648777054524,32,POST,200
1648777054524,1648777054554,30,POST,200
1648777054554,1648777054601,47,POST,200
1648777054602,1648777054656,54,POST,200
1648777054656,1648777054686,30,POST,200
1648777054686,1648777054724,38,POST,200
1648777054724,1648777054747,23,POST,200
1648777054748,1648777054783,35,POST,200
1648777054783,1648777054825,42,POST,200
1648777054825,1648777054859,34,POST,200
1648777054859,1648777054904,45,POST,200
1648777054905,1648777054932,27,POST,200
1648777054940,1648777054974,34,POST,200
1648777054974,1648777055009,35,POST,200
1648777055009,1648777055038,29,POST,200
1648777055038,1648777055068,30,POST,200
1648777055068,1648777055096,28,POST,200
1648777055096,1648777055123,27,POST,200
1648777055123,1648777055153,30,POST,200
1648777055153,1648777055181,28,POST,200
1648777055181,1648777055218,37,POST,200
1648777055218,1648777055256,38,POST,200
1648777055256,1648777055290,34,POST,200
1648777055290,1648777055319,29,POST,200
1648777055319,1648777055347,28,POST,200
1648777055347,1648777055402,55,POST,200
1648777055402,1648777055456,54,POST,200
1648777055456,1648777055495,39,POST,200
1648777055496,1648777055520,24,POST,200
1648777055520,1648777055545,25,POST,200
1648777055545,1648777055575,30,POST,200
1648777055575,1648777055607,32,POST,200
1648777055607,1648777055643,36,POST,200
1648777055643,1648777055673,30,POST,200
1648777055673,1648777055708,35,POST,200
1648777055708,1648777055733,25,POST,200
1648777055733,1648777055766,33,POST,200
1648777053390,1648777053435,45,POST,200
1648777053435,1648777053516,81,POST,200
1648777053517,1648777053588,71,POST,200
1648777053596,1648777053638,42,POST,200
1648777053638,1648777053673,35,POST,200
1648777053692,1648777053730,38,POST,200
1648777053730,1648777053815,85,POST,200
1648777053815,1648777053851,36,POST,200
1648777053851,1648777053890,39,POST,200
1648777053891,1648777053935,44,POST,200
1648777053935,1648777053979,44,POST,200
1648777053979,1648777054013,34,POST,200
1648777054013,1648777054058,45,POST,200
1648777054058,1648777054099,41,POST,200
1648777054099,1648777054198,99,POST,200
1648777054201,1648777054230,29,POST,200
1648777054230,1648777054265,35,POST,200
1648777054265,1648777054295,30,POST,200
1648777054295,1648777054325,30,POST,200
1648777054325,1648777054432,107,POST,200
1648777054432,1648777054463,31,POST,200
1648777054463,1648777054491,28,POST,200
1648777054492,1648777054524,32,POST,200
1648777054524,1648777054553,29,POST,200
1648777054553,1648777054600,47,POST,200
1648777054600,1648777054656,56,POST,200
1648777054656,1648777054687,31,POST,200
1648777054687,1648777054721,34,POST,200
1648777054721,1648777054755,34,POST,200
1648777054755,1648777054783,28,POST,200
1648777054783,1648777054825,42,POST,200
1648777054825,1648777054859,34,POST,200
1648777054859,1648777054905,46,POST,200
1648777054905,1648777054932,27,POST,200
1648777054940,1648777054974,34,POST,200
1648777054974,1648777055016,42,POST,200
1648777055016,1648777055050,34,POST,200
1648777055050,1648777055081,31,POST,200
1648777055081,1648777055111,30,POST,200
1648777055111,1648777055145,34,POST,200
1648777055145,1648777055174,29,POST,200
1648777055174,1648777055202,28,POST,200
1648777055203,1648777055238,35,POST,200
1648777055238,1648777055271,33,POST,200
1648777055271,1648777055300,29,POST,200
1648777055300,1648777055332,32,POST,200
1648777055332,1648777055360,28,POST,200
1648777055360,1648777055402,42,POST,200
1648777055402,1648777055452,50,POST,200
1648777055452,1648777055484,32,POST,200
1648777055484,1648777055515,31,POST,200
1648777055515,1648777055545,30,POST,200
1648777055545,1648777055575,30,POST,200
1648777055575,1648777055600,25,POST,200
1648777055600,1648777055629,29,POST,200
1648777055629,1648777055656,27,POST,200
1648777055657,1648777055686,29,POST,200
1648777055686,1648777055713,27,POST,200
1648777055713,1648777055739,26,POST,200
1648777055739,1648777055771,32,POST,200
1648777053398,1648777053476,78,POST,200
1648777053476,1648777053564,88,POST,200
1648777053597,1648777053629,32,POST,200
1648777053629,1648777053666,37,POST,200
1648777053666,1648777053717,51,POST,200
1648777053717,1648777053798,81,POST,200
1648777053798,1648777053828,30,POST,200
1648777053828,1648777053872,44,POST,200
1648777053873,1648777053932,59,POST,200
1648777053932,1648777053983,51,POST,200
1648777053983,1648777054018,35,POST,200
1648777054018,1648777054060,42,POST,200
1648777054060,1648777054099,39,POST,200
1648777054099,1648777054188,89,POST,200
1648777054188,1648777054232,44,POST,200
1648777054232,1648777054265,33,POST,200
1648777054265,1648777054295,30,POST,200
1648777054295,1648777054325,30,POST,200
1648777054325,1648777054432,107,POST,200
1648777054432,1648777054463,31,POST,200
1648777054463,1648777054491,28,POST,200
1648777054491,1648777054517,26,POST,200
1648777054518,1648777054546,28,POST,200
1648777054547,1648777054579,32,POST,200
1648777054579,1648777054617,38,POST,200
1648777054617,1648777054656,39,POST,200
1648777054656,1648777054687,31,POST,200
1648777054687,1648777054725,38,POST,200
1648777054725,1648777054756,31,POST,200
1648777054756,1648777054788,32,POST,200
1648777054788,1648777054826,38,POST,200
1648777054826,1648777054858,32,POST,200
1648777054858,1648777054904,46,POST,200
1648777054904,1648777054932,28,POST,200
1648777054939,1648777054982,43,POST,200
1648777054982,1648777055009,27,POST,200
1648777055009,1648777055038,29,POST,200
1648777055038,1648777055068,30,POST,200
1648777055068,1648777055096,28,POST,200
1648777055096,1648777055123,27,POST,200
1648777055123,1648777055153,30,POST,200
1648777055153,1648777055180,27,POST,200
1648777055180,1648777055218,38,POST,200
1648777055218,1648777055254,36,POST,200
1648777055254,1648777055285,31,POST,200
1648777055285,1648777055311,26,POST,200
1648777055311,1648777055338,27,POST,200
1648777055338,1648777055370,32,POST,200
1648777055370,1648777055402,32,POST,200
1648777055402,1648777055471,69,POST,200
1648777055471,1648777055503,32,POST,200
1648777055503,1648777055532,29,POST,200
1648777055532,1648777055564,32,POST,200
1648777055564,1648777055597,33,POST,200
1648777055597,1648777055628,31,POST,200
1648777055628,1648777055656,28,POST,200
1648777055657,1648777055692,35,POST,200
1648777055692,1648777055720,28,POST,200
1648777055720,1648777055751,31,POST,200
1648777055752,1648777055787,35,POST,200
1648777055745,1648777055787,42,POST,200
1648777053398,1648777053469,71,POST,200
1648777053469,1648777053583,114,POST,200
1648777053596,1648777053629,33,POST,200
1648777053629,1648777053666,37,POST,200
1648777053666,1648777053728,62,POST,200
1648777053729,1648777053820,91,POST,200
1648777053823,1648777053871,48,POST,200
1648777053873,1648777053920,47,POST,200
1648777053921,1648777053957,36,POST,200
1648777053957,1648777053983,26,POST,200
1648777053984,1648777054019,35,POST,200
1648777054019,1648777054058,39,POST,200
1648777054059,1648777054098,39,POST,200
1648777054099,1648777054165,66,POST,200
1648777054165,1648777054229,64,POST,200
1648777054229,1648777054265,36,POST,200
1648777054265,1648777054296,31,POST,200
1648777054296,1648777054327,31,POST,200
1648777054327,1648777054425,98,POST,200
1648777054425,1648777054453,28,POST,200
1648777054453,1648777054479,26,POST,200
1648777054479,1648777054509,30,POST,200
1648777054511,1648777054540,29,POST,200
1648777054540,1648777054570,30,POST,200
1648777054570,1648777054600,30,POST,200
1648777054600,1648777054655,55,POST,200
1648777054655,1648777054686,31,POST,200
1648777054686,1648777054726,40,POST,200
1648777054726,1648777054756,30,POST,200
1648777054756,1648777054791,35,POST,200
1648777054791,1648777054825,34,POST,200
1648777054826,1648777054859,33,POST,200
1648777054859,1648777054904,45,POST,200
1648777054904,1648777054931,27,POST,200
1648777054937,1648777054982,45,POST,200
1648777054982,1648777055009,27,POST,200
1648777055009,1648777055038,29,POST,200
1648777055038,1648777055068,30,POST,200
1648777055068,1648777055096,28,POST,200
1648777055096,1648777055123,27,POST,200
1648777055123,1648777055153,30,POST,200
1648777055153,1648777055180,27,POST,200
1648777055180,1648777055218,38,POST,200
1648777055218,1648777055261,43,POST,200
1648777055261,1648777055290,29,POST,200
1648777055290,1648777055319,29,POST,200
1648777055319,1648777055346,27,POST,200
1648777055347,1648777055400,53,POST,200
1648777055400,1648777055452,52,POST,200
1648777055452,1648777055484,32,POST,200
1648777055484,1648777055515,31,POST,200
1648777055515,1648777055545,30,POST,200
1648777055545,1648777055575,30,POST,200
1648777055575,1648777055600,25,POST,200
1648777055600,1648777055629,29,POST,200
1648777055629,1648777055661,32,POST,200
1648777055661,1648777055692,31,POST,200
1648777055692,1648777055720,28,POST,200
1648777055720,1648777055752,32,POST,200
1648777055752,1648777055793,41,POST,200
1648777053390,1648777053435,45,POST,200
1648777053435,1648777053519,84,POST,200
1648777053519,1648777053583,64,POST,200
1648777053597,1648777053629,32,POST,200
1648777053629,1648777053666,37,POST,200
1648777053666,1648777053744,78,POST,200
1648777053745,1648777053815,70,POST,200
1648777053815,1648777053850,35,POST,200
1648777053851,1648777053892,41,POST,200
1648777053892,1648777053935,43,POST,200
1648777053935,1648777053984,49,POST,200
1648777053985,1648777054019,34,POST,200
1648777054019,1648777054059,40,POST,200
1648777054059,1648777054099,40,POST,200
1648777054099,1648777054164,65,POST,200
1648777054164,1648777054229,65,POST,200
1648777054229,1648777054265,36,POST,200
1648777054265,1648777054295,30,POST,200
1648777054295,1648777054324,29,POST,200
1648777054324,1648777054432,108,POST,200
1648777054432,1648777054463,31,POST,200
1648777054463,1648777054491,28,POST,200
1648777054491,1648777054524,33,POST,200
1648777054524,1648777054554,30,POST,200
1648777054554,1648777054600,46,POST,200
1648777054600,1648777054656,56,POST,200
1648777054656,1648777054687,31,POST,200
1648777054687,1648777054721,34,POST,200
1648777054721,1648777054756,35,POST,200
1648777054756,1648777054788,32,POST,200
1648777054788,1648777054826,38,POST,200
1648777054826,1648777054858,32,POST,200
1648777054858,1648777054905,47,POST,200
1648777054905,1648777054933,28,POST,200
1648777054939,1648777054983,44,POST,200
1648777054983,1648777055009,26,POST,200
1648777055009,1648777055038,29,POST,200
1648777055038,1648777055068,30,POST,200
1648777055068,1648777055096,28,POST,200
1648777055096,1648777055123,27,POST,200
1648777055123,1648777055152,29,POST,200
1648777055152,1648777055180,28,POST,200
1648777055180,1648777055218,38,POST,200
1648777055218,1648777055254,36,POST,200
1648777055254,1648777055285,31,POST,200
1648777055285,1648777055311,26,POST,200
1648777055311,1648777055341,30,POST,200
1648777055341,1648777055369,28,POST,200
1648777055370,1648777055403,33,POST,200
1648777055403,1648777055476,73,POST,200
1648777055476,1648777055503,27,POST,200
1648777055503,1648777055532,29,POST,200
1648777055532,1648777055563,31,POST,200
1648777055563,1648777055597,34,POST,200
1648777055597,1648777055624,27,POST,200
1648777055624,1648777055652,28,POST,200
1648777055652,1648777055681,29,POST,200
1648777055681,1648777055708,27,POST,200
1648777055708,1648777055743,35,POST,200
1648777055743,1648777055794,51,POST,200
1648777053390,1648777053434,44,POST,200
1648777053435,1648777053519,84,POST,200
1648777053522,1648777053589,67,POST,200
1648777053596,1648777053629,33,POST,200
1648777053629,1648777053666,37,POST,200
1648777053666,1648777053750,84,POST,200
1648777053778,1648777053819,41,POST,200
1648777053823,1648777053872,49,POST,200
1648777053874,1648777053927,53,POST,200
1648777053928,1648777053985,57,POST,200
1648777053985,1648777054019,34,POST,200
1648777054019,1648777054058,39,POST,200
1648777054059,1648777054099,40,POST,200
1648777054099,1648777054185,86,POST,200
1648777054185,1648777054230,45,POST,200
1648777054230,1648777054265,35,POST,200
1648777054265,1648777054295,30,POST,200
1648777054295,1648777054327,32,POST,200
1648777054327,1648777054432,105,POST,200
1648777054432,1648777054463,31,POST,200
1648777054463,1648777054492,29,POST,200
1648777054492,1648777054524,32,POST,200
1648777054524,1648777054553,29,POST,200
1648777054554,1648777054601,47,POST,200
1648777054601,1648777054656,55,POST,200
1648777054656,1648777054687,31,POST,200
1648777054687,1648777054727,40,POST,200
1648777054727,1648777054755,28,POST,200
1648777054755,1648777054788,33,POST,200
1648777054788,1648777054826,38,POST,200
1648777054826,1648777054859,33,POST,200
1648777054859,1648777054897,38,POST,200
1648777054897,1648777054923,26,POST,200
1648777054923,1648777054950,27,POST,200
1648777054950,1648777054986,36,POST,200
1648777054986,1648777055017,31,POST,200
1648777055017,1648777055050,33,POST,200
1648777055050,1648777055081,31,POST,200
1648777055081,1648777055111,30,POST,200
1648777055111,1648777055144,33,POST,200
1648777055144,1648777055175,31,POST,200
1648777055175,1648777055204,29,POST,200
1648777055204,1648777055238,34,POST,200
1648777055238,1648777055271,33,POST,200
1648777055271,1648777055300,29,POST,200
1648777055300,1648777055332,32,POST,200
1648777055332,1648777055363,31,POST,200
1648777055363,1648777055405,42,POST,200
1648777055405,1648777055471,66,POST,200
1648777055471,1648777055503,32,POST,200
1648777055503,1648777055532,29,POST,200
1648777055532,1648777055564,32,POST,200
1648777055564,1648777055597,33,POST,200
1648777055597,1648777055628,31,POST,200
1648777055628,1648777055657,29,POST,200
1648777055657,1648777055686,29,POST,200
1648777055686,1648777055713,27,POST,200
1648777055713,1648777055739,26,POST,200
1648777055739,1648777055771,32,POST,200
1648777055771,1648777055805,34,POST,200
1648777055754,1648777055806,52,POST,200
1648777053397,1648777053435,38,POST,200
1648777053435,1648777053519,84,POST,200
1648777053525,1648777053597,72,POST,200
1648777053597,1648777053629,32,POST,200
1648777053629,1648777053666,37,POST,200
1648777053666,1648777053726,60,POST,200
1648777053726,1648777053799,73,POST,200
1648777053799,1648777053836,37,POST,200
1648777053836,1648777053875,39,POST,200
1648777053875,1648777053928,53,POST,200
1648777053928,1648777053986,58,POST,200
1648777053986,1648777054018,32,POST,200
1648777054018,1648777054058,40,POST,200
1648777054060,1648777054098,38,POST,200
1648777054098,1648777054179,81,POST,200
1648777054179,1648777054229,50,POST,200
1648777054229,1648777054265,36,POST,200
1648777054265,1648777054295,30,POST,200
1648777054295,1648777054325,30,POST,200
1648777054325,1648777054432,107,POST,200
1648777054432,1648777054464,32,POST,200
1648777054464,1648777054492,28,POST,200
1648777054492,1648777054524,32,POST,200
1648777054524,1648777054553,29,POST,200
1648777054554,1648777054600,46,POST,200
1648777054600,1648777054657,57,POST,200
1648777054657,1648777054686,29,POST,200
1648777054686,1648777054721,35,POST,200
1648777054721,1648777054756,35,POST,200
1648777054756,1648777054791,35,POST,200
1648777054791,1648777054826,35,POST,200
1648777054826,1648777054859,33,POST,200
1648777054859,1648777054905,46,POST,200
1648777054905,1648777054932,27,POST,200
1648777054939,1648777054988,49,POST,200
1648777054988,1648777055017,29,POST,200
1648777055017,1648777055050,33,POST,200
1648777055051,1648777055081,30,POST,200
1648777055081,1648777055111,30,POST,200
1648777055111,1648777055143,32,POST,200
1648777055143,1648777055175,32,POST,200
1648777055175,1648777055203,28,POST,200
1648777055203,1648777055237,34,POST,200
1648777055239,1648777055271,32,POST,200
1648777055271,1648777055300,29,POST,200
1648777055300,1648777055333,33,POST,200
1648777055333,1648777055363,30,POST,200
1648777055363,1648777055402,39,POST,200
1648777055402,1648777055453,51,POST,200
1648777055453,1648777055486,33,POST,200
1648777055486,1648777055515,29,POST,200
1648777055515,1648777055545,30,POST,200
1648777055545,1648777055575,30,POST,200
1648777055575,1648777055607,32,POST,200
1648777055607,1648777055636,29,POST,200
1648777055636,1648777055664,28,POST,200
1648777055664,1648777055698,34,POST,200
1648777055698,1648777055733,35,POST,200
1648777055733,1648777055767,34,POST,200
1648777055768,1648777055807,39,POST,200
1648777053397,1648777053469,72,POST,200
1648777053469,1648777053557,88,POST,200
1648777053598,1648777053638,40,POST,200
1648777053638,1648777053690,52,POST,200
1648777053697,1648777053748,51,POST,200
1648777053750,1648777053820,70,POST,200
1648777053823,1648777053876,53,POST,200
1648777053877,1648777053928,51,POST,200
1648777053928,1648777053983,55,POST,200
1648777053984,1648777054019,35,POST,200
1648777054019,1648777054062,43,POST,200
1648777054062,1648777054099,37,POST,200
1648777054099,1648777054198,99,POST,200
1648777054201,1648777054231,30,POST,200
1648777054231,1648777054265,34,POST,200
1648777054265,1648777054295,30,POST,200
1648777054295,1648777054327,32,POST,200
1648777054327,1648777054425,98,POST,200
1648777054425,1648777054453,28,POST,200
1648777054453,1648777054479,26,POST,200
1648777054479,1648777054511,32,POST,200
1648777054514,1648777054540,26,POST,200
1648777054540,1648777054570,30,POST,200
1648777054570,1648777054601,31,POST,200
1648777054601,1648777054655,54,POST,200
1648777054656,1648777054686,30,POST,200
1648777054686,1648777054721,35,POST,200
1648777054721,1648777054755,34,POST,200
1648777054755,1648777054783,28,POST,200
1648777054783,1648777054828,45,POST,200
1648777054828,1648777054858,30,POST,200
1648777054858,1648777054907,49,POST,200
1648777054907,1648777054937,30,POST,200
1648777054939,1648777054974,35,POST,200
1648777054975,1648777055009,34,POST,200
1648777055009,1648777055038,29,POST,200
1648777055038,1648777055068,30,POST,200
1648777055068,1648777055096,28,POST,200
1648777055096,1648777055123,27,POST,200
1648777055123,1648777055153,30,POST,200
1648777055153,1648777055180,27,POST,200
1648777055180,1648777055218,38,POST,200
1648777055218,1648777055255,37,POST,200
1648777055255,1648777055285,30,POST,200
1648777055285,1648777055311,26,POST,200
1648777055311,1648777055341,30,POST,200
1648777055341,1648777055368,27,POST,200
1648777055370,1648777055407,37,POST,200
1648777055409,1648777055471,62,POST,200
1648777055471,1648777055503,32,POST,200
1648777055503,1648777055532,29,POST,200
1648777055532,1648777055564,32,POST,200
1648777055564,1648777055597,33,POST,200
1648777055597,1648777055624,27,POST,200
1648777055624,1648777055652,28,POST,200
1648777055652,1648777055681,29,POST,200
1648777055681,1648777055708,27,POST,200
1648777055708,1648777055743,35,POST,200
1648777055743,1648777055787,44,POST,200
1648777055787,1648777055814,27,POST,200
1648777053397,1648777053470,73,POST,200
1648777053470,1648777053539,69,POST,200
1648777053539,1648777053597,58,POST,200
1648777053597,1648777053629,32,POST,200
1648777053629,1648777053693,64,POST,200
1648777053697,1648777053763,66,POST,200
1648777053781,1648777053828,47,POST,200
1648777053828,1648777053872,44,POST,200
1648777053873,1648777053933,60,POST,200
1648777053933,1648777053979,46,POST,200
1648777053979,1648777054008,29,POST,200
1648777054008,1648777054060,52,POST,200
1648777054060,1648777054087,27,POST,200
1648777054087,1648777054114,27,POST,200
1648777054114,1648777054229,115,POST,200
1648777054229,1648777054265,36,POST,200
1648777054265,1648777054295,30,POST,200
1648777054295,1648777054324,29,POST,200
1648777054324,1648777054432,108,POST,200
1648777054432,1648777054463,31,POST,200
1648777054463,1648777054492,29,POST,200
1648777054492,1648777054524,32,POST,200
1648777054524,1648777054553,29,POST,200
1648777054553,1648777054601,48,POST,200
1648777054601,1648777054658,57,POST,200
1648777054658,1648777054687,29,POST,200
1648777054687,1648777054723,36,POST,200
1648777054723,1648777054747,24,POST,200
1648777054748,1648777054783,35,POST,200
1648777054783,1648777054826,43,POST,200
1648777054826,1648777054858,32,POST,200
1648777054858,1648777054904,46,POST,200
1648777054905,1648777054932,27,POST,200
1648777054939,1648777054984,45,POST,200
1648777054984,1648777055017,33,POST,200
1648777055017,1648777055050,33,POST,200
1648777055050,1648777055081,31,POST,200
1648777055081,1648777055111,30,POST,200
1648777055111,1648777055142,31,POST,200
1648777055142,1648777055174,32,POST,200
1648777055174,1648777055202,28,POST,200
1648777055202,1648777055238,36,POST,200
1648777055238,1648777055266,28,POST,200
1648777055266,1648777055294,28,POST,200
1648777055294,1648777055323,29,POST,200
1648777055323,1648777055349,26,POST,200
1648777055349,1648777055398,49,POST,200
1648777055399,1648777055471,72,POST,200
1648777055471,1648777055503,32,POST,200
1648777055503,1648777055532,29,POST,200
1648777055532,1648777055564,32,POST,200
1648777055564,1648777055596,32,POST,200
1648777055596,1648777055625,29,POST,200
1648777055625,1648777055652,27,POST,200
1648777055652,1648777055681,29,POST,200
1648777055681,1648777055708,27,POST,200
1648777055708,1648777055743,35,POST,200
1648777055743,1648777055787,44,POST,200
1648777055787,1648777055814,27,POST,200
1648777055814,1648777055849,35,POST,200
1648777053399,1648777053472,73,POST,200
1648777053472,1648777053557,85,POST,200
1648777053597,1648777053637,40,POST,200
1648777053638,1648777053692,54,POST,200
1648777053697,1648777053764,67,POST,200
1648777053781,1648777053821,40,POST,200
1648777053823,1648777053872,49,POST,200
1648777053876,1648777053933,57,POST,200
1648777053933,1648777053985,52,POST,200
1648777053985,1648777054018,33,POST,200
1648777054018,1648777054058,40,POST,200
1648777054059,1648777054098,39,POST,200
1648777054098,1648777054164,66,POST,200
1648777054164,1648777054221,57,POST,200
1648777054221,1648777054248,27,POST,200
1648777054248,1648777054276,28,POST,200
1648777054276,1648777054309,33,POST,200
1648777054309,1648777054424,115,POST,200
1648777054424,1648777054453,29,POST,200
1648777054453,1648777054479,26,POST,200
1648777054479,1648777054508,29,POST,200
1648777054510,1648777054540,30,POST,200
1648777054540,1648777054570,30,POST,200
1648777054571,1648777054600,29,POST,200
1648777054600,1648777054655,55,POST,200
1648777054655,1648777054686,31,POST,200
1648777054686,1648777054720,34,POST,200
1648777054720,1648777054755,35,POST,200
1648777054755,1648777054783,28,POST,200
1648777054783,1648777054826,43,POST,200
1648777054826,1648777054858,32,POST,200
1648777054858,1648777054905,47,POST,200
1648777054905,1648777054932,27,POST,200
1648777054940,1648777054986,46,POST,200
1648777054986,1648777055017,31,POST,200
1648777055017,1648777055050,33,POST,200
1648777055050,1648777055081,31,POST,200
1648777055081,1648777055111,30,POST,200
1648777055111,1648777055143,32,POST,200
1648777055143,1648777055175,32,POST,200
1648777055175,1648777055204,29,POST,200
1648777055204,1648777055237,33,POST,200
1648777055238,1648777055266,28,POST,200
1648777055266,1648777055294,28,POST,200
1648777055294,1648777055323,29,POST,200
1648777055323,1648777055349,26,POST,200
1648777055349,1648777055447,98,POST,200
1648777055447,1648777055484,37,POST,200
1648777055484,1648777055508,24,POST,200
1648777055508,1648777055532,24,POST,200
1648777055532,1648777055563,31,POST,200
1648777055563,1648777055597,34,POST,200
1648777055597,1648777055624,27,POST,200
1648777055624,1648777055652,28,POST,200
1648777055652,1648777055681,29,POST,200
1648777055681,1648777055708,27,POST,200
1648777055708,1648777055739,31,POST,200
1648777055739,1648777055773,34,POST,200
1648777055773,1648777055820,47,POST,200
1648777055820,1648777055858,38,POST,200
